{"cameraMode":{"drawMode":0,"name":"Shaded","section":"Shading Mode"},"sceneLighting":true,"audioPlay":false,"sceneViewState":{"showFog":true,"showMaterialUpdate":false,"showSkybox":true,"showFlares":true,"showImageEffects":true,"showParticleSystems":true},"in2DMode":false,"pivot":{"x":0.40000030398368838,"y":0.0,"z":5.460000038146973},"rotation":{"x":0.08031909167766571,"y":-0.8456150889396668,"z":0.13299645483493806,"w":0.5106831192970276},"size":8.024819374084473,"orthographic":false}